id,first_name,last_name,gender,latitude,longitude,country
1,Carol,Stanley,Female,37.63667,127.21417,South Korea
2,Jacqueline,Fox,Female,38.0283,-84.4715,United States
3,Margaret,Howell,Female,32.50093,-6.69062,Morocco
4,Sandra,Burton,Female,41.4611,-8.4389,Portugal
5,Lori,Hill,Female,-6.1351,105.9047,Indonesia
6,Denise,Nguyen,Female,49.68079,19.78243,Poland
7,Mary,Lewis,Female,34.70933,136.93425,Japan
8,Sara,Thomas,Female,-2.79529,129.5382,Indonesia
9,Robin,Harrison,Female,32.88816,119.83248,China
10,Wayne,Gardner,Male,4.89833,119.84944,Philippines
11,Alan,Cook,Male,-7.0534,111.2919,Indonesia
12,Cynthia,Harris,Female,-6.8659,-78.14585,Peru
13,Kathryn,Stone,Female,37.79134,20.87407,Greece
14,Gary,Lee,Male,27.59,110.89806,China
15,Kathy,White,Female,51.90425,21.08208,Poland
16,Edward,Harrison,Male,14.42642,102.46058,Thailand
17,Evelyn,Robinson,Female,0.39051,9.76096,Gabon
18,Russell,Daniels,Male,57.6467,11.9294,Sweden
19,Richard,Diaz,Male,41.16417,20.62333,Macedonia
20,Denise,Andrews,Female,42.52167,21.12583,Kosovo
21,Anthony,Washington,Male,33.0023,112.16702,China
22,Jacqueline,Medina,Female,-8.6294,118.7341,Indonesia
23,Deborah,Garrett,Female,41.79722,20.90833,Macedonia
24,Catherine,Meyer,Female,-2.87056,30.52806,Tanzania
25,Ernest,Knight,Male,29.4413,-98.4793,United States
26,Steve,Gibson,Male,5.80854,8.08159,Nigeria
27,Emily,Rose,Female,42.0678,48.28987,Russia
28,Lillian,Reid,Female,-6.6535,106.196,Indonesia
29,Willie,Rice,Male,41.67972,20.33139,Albania
30,Jimmy,Lynch,Male,38.67028,125.77611,North Korea
31,Cynthia,Gonzales,Female,45.20813,20.38197,Serbia
32,Nicholas,Rice,Male,18.56585,-73.89464,Haiti
33,Ralph,Lawson,Male,13.805,100.47283,Thailand
34,Julie,Warren,Female,43.47861,43.6275,Russia
35,Raymond,Lane,Male,45.05109,127.06752,China
36,Eugene,Freeman,Male,-6.9698,111.4186,Indonesia
37,George,Turner,Male,58.67001,52.1932,Russia
38,Melissa,West,Female,40.98247,47.84909,Azerbaijan
39,Laura,West,Female,34.13333,119.00417,China
40,Patrick,Garcia,Male,5.83523,7.35989,Nigeria
41,Christopher,Willis,Male,-6.9715,114.0757,Indonesia
42,Louise,Lopez,Female,-4.13,-44.12417,Brazil
43,Amanda,Wells,Female,24.17687,89.5988,Bangladesh
44,Justin,Welch,Male,51.70374,22.8883,Poland
45,Shirley,Perkins,Female,15.39632,-90.56513,Guatemala
46,Anne,Romero,Female,6.18789,-74.99315,Colombia
47,Timothy,Foster,Male,19.7381,96.20742,Myanmar
48,Thomas,White,Male,28.7259,120.83358,China
49,Stephanie,Wood,Female,-15.15056,-73.34194,Peru
50,Jonathan,Watson,Male,24.64758,115.98336,China
51,Anna,Lawrence,Female,14.56667,-89.35,Guatemala
52,Julie,Wagner,Female,-8.1297,113.1213,Indonesia
53,Martin,Bryant,Male,17.18444,120.47194,Philippines
54,Jack,Ferguson,Male,38.3774,-121.4444,United States
55,Katherine,Vasquez,Female,55.94958,37.50183,Russia
56,Fred,Ford,Male,29.94122,113.75867,China
57,Julia,Romero,Female,43.82222,18.20667,Bosnia and Herzegovina
58,Barbara,Green,Female,28.86066,114.76434,China
59,Brian,Gonzales,Male,65.07306,-14.01525,Iceland
60,Michelle,Ortiz,Female,-7.33333,-78.18333,Peru
61,Melissa,Reed,Female,5.64056,-72.19861,Colombia
62,Angela,Campbell,Female,15.49277,43.13433,Yemen
63,Carl,Stewart,Male,35.10278,129.04028,South Korea
64,Christina,Moreno,Female,-23.64342,-64.47194,Argentina
65,Marie,Baker,Female,36.23639,107.31155,China
66,Jean,Perry,Female,35.3077,25.52021,Greece
67,Patricia,Chavez,Female,-2.90472,-41.77667,Brazil
68,Elizabeth,Mccoy,Female,54.4399,83.4984,Russia
69,Willie,Simpson,Male,10.60232,106.40207,Vietnam
70,Sara,Lane,Female,14.56816,45.91156,Yemen
71,Diana,Arnold,Female,-25.33177,31.01166,South Africa
72,Randy,Sullivan,Male,5.49274,-73.48537,Colombia
73,Bonnie,Simpson,Female,6.69281,159.76283,Micronesia
74,Jane,Murphy,Female,-26.85545,-59.06842,Argentina
75,Timothy,Dixon,Male,31.87445,120.03647,China
76,Melissa,Ross,Female,-14.26667,-69.2,Peru
77,Ruth,Castillo,Female,53.79442,64.18405,Kazakhstan
78,Jeremy,Nichols,Male,19.65632,110.96459,China
79,Ronald,Reynolds,Male,-8.5261,121.9715,Indonesia
80,Joshua,Porter,Male,24.10253,115.24921,China
81,Terry,Parker,Male,43.5325,43.56611,Russia
82,Chris,Hunter,Male,9.6531,123.4344,Philippines
83,Jacqueline,Dunn,Female,30.97433,72.48269,Pakistan
84,Kimberly,Burns,Female,68.7983,16.5416,Norway
85,Kathy,Ray,Female,50.0719,21.8385,Poland
86,Randy,Banks,Male,16.45,120.51667,Philippines
87,Jerry,Harrison,Male,59.3267,14.5239,Sweden
88,Samuel,Cooper,Male,14.60778,-90.80306,Guatemala
89,Julia,Green,Female,35.81151,36.19649,Syria
90,Juan,Bennett,Male,31.8767,-102.4375,United States
91,Jeremy,Kelley,Male,22.14865,110.67805,China
92,John,Montgomery,Male,35.40804,101.9622,China
93,Jason,Rodriguez,Male,46.83443,130.43161,China
94,Keith,Kim,Male,13.30335,-4.89562,Mali
95,Phyllis,Romero,Female,-29.37639,-51.11444,Brazil
96,Phillip,Jackson,Male,-7.0836,107.8991,Indonesia
97,Adam,Morgan,Male,32.20427,35.13077,Palestinian Territory
98,Larry,Carpenter,Male,-44.4,171.25,New Zealand
99,Tina,Hicks,Female,41.77181,124.62021,China
100,Timothy,Fuller,Male,55.21626,38.76262,Russia
101,Kimberly,Coleman,Female,36.64964,9.61231,Tunisia
102,Theresa,Olson,Female,24.95694,113.36028,China
103,Heather,Walker,Female,24.59025,88.27444,Bangladesh
104,Philip,Patterson,Male,55.71667,37.41667,Russia
105,Catherine,Montgomery,Female,-7.1278,108.2102,Indonesia
106,Roy,Crawford,Male,43.85,26.45,Bulgaria
107,Brian,Carroll,Male,38.9513,-76.8958,United States
108,Andrea,Grant,Female,6.25333,124.995,Philippines
109,Jeffrey,Diaz,Male,46.9035,6.3554,France
110,Ernest,Bryant,Male,-25.06597,-130.10147,Pitcairn
111,Dennis,Graham,Male,-1.05458,-80.45445,Ecuador
112,Howard,Nguyen,Male,13.4357,123.6781,Philippines
113,Jennifer,Young,Female,25.93473,115.29295,China
114,Carlos,Nelson,Male,31.37247,108.90779,China
115,Dennis,Barnes,Male,33.92232,65.93398,Afghanistan
116,Heather,Peterson,Female,45.1833,0.7167,France
117,Carol,Hart,Female,-7.5208,108.6747,Indonesia
118,Jonathan,Patterson,Male,50.23271,12.87117,Czech Republic
119,Thomas,Bishop,Male,-7.2405,111.521,Indonesia
120,Mark,Lynch,Male,-2.88556,-40.12,Brazil
121,Melissa,Freeman,Female,53.20008,-105.76772,Canada
122,Raymond,Cunningham,Male,9.52392,-75.58139,Colombia
123,Gerald,Nguyen,Male,11.1544,123.8058,Philippines
124,Annie,Fuller,Female,30.90355,113.57099,China
125,Martha,White,Female,30.033,-89.8826,United States
126,Cynthia,Ferguson,Female,-8.2444,123.7505,Indonesia
127,Anthony,Washington,Male,10.60528,-72.98,Colombia
128,Juan,Armstrong,Male,24.86102,118.57293,China
129,Judith,Weaver,Female,49.91487,18.01245,Czech Republic
130,Sean,Lee,Male,25.42837,103.75455,China
131,Angela,Miller,Female,28.51726,107.49062,China
132,Angela,Barnes,Female,-17.10916,-63.59514,Bolivia
133,Cynthia,West,Female,-6.6254,110.9935,Indonesia
134,Theresa,Rivera,Female,53.83734,16.43512,Poland
135,Martin,James,Male,29.51441,114.46423,China
136,Ryan,Hall,Male,22.56166,111.99942,China
137,Chris,Nichols,Male,45.7667,4.8833,France
138,Harry,Carpenter,Male,-2,34.33333,Tanzania
139,Larry,Price,Male,40.4344,-80.0248,United States
140,Laura,Flores,Female,51.1646,6.7519,Germany
141,Matthew,Hall,Male,12.53333,124.86667,Philippines
142,Anne,Rogers,Female,28.90583,111.95611,China
143,Ruby,Watkins,Female,10.68573,43.94397,Somalia
144,Louis,Fox,Male,28.83914,107.11754,China
145,Randy,Bryant,Male,30.72028,112.36983,China
146,Jennifer,Mitchell,Female,41.33662,86.25676,China
147,Matthew,Perkins,Male,-25.56667,-56.28333,Paraguay
148,Ruby,Jenkins,Female,33.38,-7.14,Morocco
149,Gregory,Lynch,Male,41.6782,-83.4972,United States
150,Virginia,King,Female,44.02127,144.26971,Japan
151,Martha,Cook,Female,36.2378,139.19023,Japan
152,Carolyn,Montgomery,Female,43.40331,45.52344,Russia
153,Deborah,Smith,Female,31.27127,111.9831,China
154,Wanda,Morris,Female,15.6633,120.5147,Philippines
155,Lillian,Greene,Female,30.33932,111.08409,China
156,Earl,Alexander,Male,56.8688,60.3015,Russia
157,Ann,Anderson,Female,-20.93333,29,Zimbabwe
158,Doris,Woods,Female,19.5853,-101.5319,Mexico
159,Carol,Freeman,Female,43.4485,3.754,France
160,Doris,Mcdonald,Female,49.02339,14.50088,Czech Republic
161,Larry,Woods,Male,26.44778,115.69697,China
162,Cynthia,Reed,Female,-8.1197,111.9532,Indonesia
163,Julie,Reynolds,Female,14.2013,121.3732,Philippines
164,Ryan,Harvey,Male,24.1469,120.6839,Taiwan
165,Shirley,Meyer,Female,-6.7854,111.6086,Indonesia
166,Kenneth,Stone,Male,-3.3788,120.3102,Indonesia
167,Frances,Morris,Female,14.09667,120.88083,Philippines
168,Johnny,Stephens,Male,8.2752,-73.86884,Colombia
169,Peter,Peterson,Male,-30.21397,-64.50063,Argentina
170,Jacqueline,Harris,Female,-5.73805,105.5916,Indonesia
171,Debra,Simpson,Female,16.96455,121.82784,Philippines
172,Christine,Murray,Female,34.48047,134.17017,Japan
173,Rachel,Mills,Female,59.7703,59.9964,Russia
174,Tina,Bishop,Female,20.28296,106.44347,Vietnam
175,Carolyn,Warren,Female,44.0328,42.8813,Russia
176,Bruce,Warren,Male,10.0533,122.8423,Philippines
177,Karen,Hunt,Female,40.65583,19.5025,Albania
178,Henry,Austin,Male,47.22308,126.45256,China
179,Rachel,Fisher,Female,-1.04576,-80.65889,Ecuador
180,Keith,Nichols,Male,-8.4539,120.6359,Indonesia
181,Craig,Myers,Male,47.17281,125.6317,China
182,Eric,Mason,Male,57.7072,11.9668,Sweden
183,Tina,Cunningham,Female,34.1425,120.06667,China
184,Debra,Carter,Female,29.37639,117.24667,China
185,Aaron,Nichols,Male,18.8931,-97.0369,Mexico
186,Henry,Harris,Male,-7.2335,108.6976,Indonesia
187,Nicholas,Larson,Male,51.67298,22.63887,Poland
188,Michael,Ward,Male,40.80257,21.46085,Greece
189,Andrew,Brooks,Male,16.07,120.4025,Philippines
190,Scott,Allen,Male,9.50511,-7.56433,Ivory Coast
191,Emily,Hunt,Female,39.4833,-7.9667,Portugal
192,Johnny,Morgan,Male,33.04041,112.0254,China
193,Patrick,Perez,Male,-7.53833,109.13833,Indonesia
194,Adam,Black,Male,-12.90667,15.25333,Angola
195,Anthony,Watson,Male,-41.46574,-72.94289,Chile
196,Shirley,Cruz,Female,-28.95488,-58.57277,Argentina
197,Anna,Bradley,Female,31.18086,31.86518,Egypt
198,Anna,Little,Female,16.3045,121.1062,Philippines
199,Dorothy,Robinson,Female,40.89784,45.13971,Armenia
200,Lisa,Watkins,Female,49.01404,28.50846,Ukraine
201,Amy,Snyder,Female,34.18333,119.38333,China
202,Roger,Turner,Male,-12.15,17.28333,Angola
203,Scott,Ellis,Male,18.2011,-73.88948,Haiti
204,Edward,Perkins,Male,63.1833,14.5333,Sweden
205,Kelly,Sanders,Female,23.37046,114.75474,China
206,Patricia,Butler,Female,37.60325,121.37574,China
207,Tina,Hansen,Female,23.2536,116.47692,China
208,Janice,Weaver,Female,46.47656,134.19532,Russia
209,Kathryn,Hansen,Female,-7.0676,108.0546,Indonesia
210,Dorothy,Alexander,Female,8.13333,-81.03333,Panama
211,Douglas,Duncan,Male,41.6552,-4.7237,Spain
212,Gerald,Morales,Male,51.93333,113.63333,Russia
213,Dorothy,Hayes,Female,48.93286,16.89159,Czech Republic
214,Denise,Hayes,Female,39.875,-8.575,Portugal
215,Christopher,Griffin,Male,7.20801,121.94204,Philippines
216,Katherine,Ramos,Female,-26.4077,-61.41368,Argentina
217,Julia,Wright,Female,22.4844,-100.5515,Mexico
218,Patrick,Gordon,Male,12.6633,-87.16722,Nicaragua
219,Jennifer,White,Female,18.1978,120.5957,Philippines
220,Evelyn,Shaw,Female,-54.28111,-36.5092,South Georgia and the South Sandwich Islands
221,Randy,Elliott,Male,55.1919,32.4111,Russia
222,Anne,Alexander,Female,38.772,-9.292,Portugal
223,Victor,Williamson,Male,4.39781,-74.82731,Colombia
224,Douglas,Jones,Male,7.2043,125.8841,Philippines
225,Roger,Daniels,Male,36.36476,107.90748,China
226,Jessica,Brown,Female,25.66742,116.75429,China
227,Shawn,Reyes,Male,38.11977,23.86428,Greece
228,Jerry,Oliver,Male,44.74667,19.69,Serbia
229,Paul,Banks,Male,49.25318,15.18824,Czech Republic
230,Russell,Simpson,Male,-7.4772,107.6176,Indonesia
231,Victor,Perry,Male,45.57861,13.73611,Slovenia
232,Linda,Howard,Female,23.22385,114.03808,China
233,Steve,Cook,Male,36.0986,-86.8219,United States
234,William,Harvey,Male,43.1167,5.9333,France
235,Kathryn,Fuller,Female,-8.5736,118.9725,Indonesia
236,Barbara,Alvarez,Female,-37.8,174.88333,New Zealand
237,Sandra,Montgomery,Female,7.30222,-8.53083,Liberia
238,Cynthia,Payne,Female,34.68797,32.96191,Cyprus
239,Gregory,Ward,Male,22.16667,112.48333,China
240,Alan,Chavez,Male,41.9733,-8.5167,Portugal
241,Gregory,Gomez,Male,30.53302,47.79747,Iraq
242,Jeremy,Dean,Male,-10.45778,-77.32728,Peru
243,Cheryl,Hudson,Female,14.97728,120.08493,Philippines
244,Jane,Myers,Female,37.68333,98.75,China
245,Patrick,Walker,Male,10.61177,119.3268,Philippines
246,Diana,Hicks,Female,51.72134,21.96493,Poland
247,Rachel,Watkins,Female,49.88778,5.81639,Luxembourg
248,Annie,Johnson,Female,16.61659,-11.40453,Mauritania
249,Ryan,Brown,Male,19.0361,-101.2576,Mexico
250,Mildred,Stone,Female,6.46504,12.62843,Cameroon
251,Irene,Warren,Female,34.71378,135.62033,Japan
252,Melissa,Gomez,Female,-7.1267,107.9903,Indonesia
253,Nicole,Gardner,Female,-16.32667,-48.95278,Brazil
254,Alice,Elliott,Female,45.54528,18.28583,Croatia
255,Tammy,Washington,Female,25.78776,117.5757,China
256,Marie,Ford,Female,14.06667,-87.46667,Honduras
257,Stephanie,Hunter,Female,17.5596,121.6974,Philippines
258,Jean,Grant,Female,-17.31159,31.57561,Zimbabwe
259,Andrea,Martinez,Female,14.327,100.40433,Thailand
260,Joyce,George,Female,54.03481,38.40172,Russia
261,Virginia,Price,Female,35.4015,-101.8951,United States
262,Victor,Butler,Male,31.6744,112.81486,China
263,Pamela,Berry,Female,-7.33333,-78.18333,Peru
264,Lois,Parker,Female,32.7673,-96.7776,United States
265,Keith,Barnes,Male,65.8252,21.6886,Sweden
266,William,Boyd,Male,58.97849,47.02462,Russia
267,Robert,Williamson,Male,55.98139,22.24722,Lithuania
268,Anthony,Harper,Male,13.92629,121.35415,Philippines
269,Kathryn,Hamilton,Female,59.3326,18.0649,Sweden
270,Michael,Gardner,Male,-20.22036,-70.13913,Chile
271,Craig,Nichols,Male,47.55153,46.99679,Russia
272,Helen,Burke,Female,7.452,123.4312,Philippines
273,Aaron,Collins,Male,11.77756,-86.37374,Nicaragua
274,Maria,Mason,Female,-30.71999,25.09718,South Africa
275,Susan,Davis,Female,49.34991,23.50561,Ukraine
276,Pamela,Peters,Female,51.5555,5.0913,Netherlands
277,Roy,Fisher,Male,-30.71294,-57.32728,Uruguay
278,Jessica,Scott,Female,50.2584,18.85632,Poland
279,Gerald,Day,Male,-31.46646,-69.4255,Argentina
280,Eric,Rodriguez,Male,32.97746,35.33345,Israel
281,Arthur,Rose,Male,59.3667,18.1333,Sweden
282,Jason,Kelley,Male,53.5511,9.97,Germany
283,Joyce,Cunningham,Female,49.79961,18.84327,Poland
284,Harry,Crawford,Male,29.06222,110.56444,China
285,Wayne,Burton,Male,48.95363,17.37648,Czech Republic
286,Jose,Olson,Male,8.59708,-70.32056,Venezuela
287,Eric,Black,Male,8.45955,25.678,South Sudan
288,Catherine,Hudson,Female,9.3056,-64.65478,Venezuela
289,Ruby,Long,Female,-11.83431,31.45287,Zambia
290,Carl,Ferguson,Male,-9.9147,124.2223,Indonesia
291,Mark,Jacobs,Male,37.03999,66.78891,Afghanistan
292,Judy,Burns,Female,31.56618,121.05729,China
293,Richard,West,Male,52.32512,17.56519,Poland
294,Beverly,Gutierrez,Female,48.84734,23.44587,Ukraine
295,Christina,Reynolds,Female,39.3213,-9.3143,Portugal
296,Patrick,Barnes,Male,9.31505,-75.29283,Colombia
297,Alan,James,Male,46.3025,29.24167,Ukraine
298,Samuel,Peters,Male,31.24025,119.30074,China
299,Alan,Crawford,Male,28.22598,115.0574,China
300,Joe,Miller,Male,52.3195,20.26257,Poland
301,Bruce,Holmes,Male,4.73171,6.77223,Nigeria
302,Juan,Schmidt,Male,2.43823,-76.61316,Colombia
303,Janice,Johnson,Female,31.21452,31.35798,Egypt
304,Patricia,Coleman,Female,57.3444,60.1343,Russia
305,Howard,Burke,Male,13.75737,7.9874,Niger
306,Ann,Black,Female,17.89618,-62.84978,Saint Barthelemy
307,Lisa,Lewis,Female,52.1241,5.3452,Netherlands
308,Tina,Spencer,Female,-14.95944,-39.29972,Brazil
309,Ashley,Jordan,Female,28.58595,116.92907,China
310,Marie,Murray,Female,6.08236,-75.33509,Colombia
311,Jonathan,Scott,Male,11.78333,17.16667,Chad
312,Timothy,Ramos,Male,45.12833,42.02556,Russia
313,Sarah,Hall,Female,51.65163,18.43472,Poland
314,Benjamin,Henry,Male,41.9833,-8.475,Portugal
315,Carlos,Gutierrez,Male,28.73428,108.81708,China
316,Steve,Riley,Male,-7.25,35.06667,Tanzania
317,Henry,Wells,Male,43.97111,15.41139,Croatia
318,Janet,Murray,Female,32.51888,34.90459,Israel
319,Janice,Willis,Female,41.0932,-8.5045,Portugal
320,Gregory,Gutierrez,Male,-7.0108,108.6019,Indonesia
321,Sharon,Watson,Female,27.78503,114.75945,China
322,Dennis,Olson,Male,29.16667,89.25,China
323,Richard,Young,Male,59.8585,17.6454,Sweden
324,Benjamin,Medina,Male,32.92365,101.71999,China
325,Andrea,Bradley,Female,10.57027,-69.70302,Venezuela
326,Patrick,Mason,Male,35.78944,139.62333,Japan
327,Jean,Duncan,Female,59.35,17.9167,Sweden
328,Phillip,Martin,Male,10.24472,123.84944,Philippines
329,Benjamin,Hernandez,Male,33.48826,113.42504,China
330,Jessica,Castillo,Female,28.14117,117.69188,China
331,Daniel,Moreno,Male,53.01684,-112.83525,Canada
332,Steven,Fernandez,Male,45.88167,128.66488,China
333,Steve,Wagner,Male,39.60111,20.31194,Greece
334,Ralph,Cook,Male,-32.70747,26.29564,South Africa
335,Julie,Kennedy,Female,33.68333,99.4,China
336,Arthur,Jones,Male,-22.55417,-45.78,Brazil
337,Sharon,Johnson,Female,36.41819,54.97628,Iran
338,Diana,Welch,Female,26.04122,101.68642,China
339,Amy,Ferguson,Female,43.6746,-96.7913,United States
340,Marilyn,Mccoy,Female,34.69656,107.05371,China
341,Gregory,Johnson,Male,33.48917,109.10528,China
342,Jeffrey,Mccoy,Male,32.9522,-96.6654,United States
343,Adam,Bradley,Male,-33.00938,-58.51722,Argentina
344,Diane,Jenkins,Female,48.803,2.2669,France
345,Carl,Gutierrez,Male,39.875,-8.575,Portugal
346,Margaret,Romero,Female,32.54904,106.33871,China
347,Melissa,Mitchell,Female,19.4314,-99.4913,Mexico
348,Theresa,Scott,Female,-28.8866,27.89914,Lesotho
349,Annie,Palmer,Female,15.21056,51.24556,Yemen
350,Gary,Oliver,Male,40.46676,44.79249,Armenia
351,Kathy,Chavez,Female,23.92298,90.71768,Bangladesh
352,John,Morris,Male,13.2879,-61.1302,Saint Vincent and the Grenadines
353,Bobby,Gray,Male,-33.8678,151.2073,Australia
354,Angela,Romero,Female,45.44426,128.10494,China
355,Juan,Campbell,Male,41.5878,-87.4062,United States
356,Samuel,Lewis,Male,31.94508,35.07194,Palestinian Territory
357,Michelle,Stanley,Female,40.28256,69.62216,Tajikistan
358,Eugene,Watkins,Male,-23.71194,-47.42778,Brazil
359,Kathy,Alexander,Female,35.89917,14.49444,Malta
360,Carlos,Carroll,Male,-4.13,-44.12417,Brazil
361,Howard,Cox,Male,59.3059,17.9872,Sweden
362,Kevin,Wagner,Male,30.79124,108.95254,China
363,Carlos,Kim,Male,43.1791,-86.1989,United States
364,Carol,Martinez,Female,-2.63861,30.46778,Tanzania
365,Robert,Stanley,Male,43.1167,5.9333,France
366,Lori,Morrison,Female,7.13639,125.6875,Philippines
367,Dennis,Jackson,Male,11.1286,123.9622,Philippines
368,Brian,Armstrong,Male,58.8799,14.9023,Sweden
369,Paul,Thompson,Male,43.03534,45.73046,Russia
370,Jerry,Cox,Male,41.9272,8.7346,France
371,Albert,Vasquez,Male,-19.76694,-44.08667,Brazil
372,Sara,Washington,Female,-25.78333,-55.06667,Paraguay
373,Stephen,Morris,Male,-7.3152,106.6195,Indonesia
374,Joshua,Alexander,Male,32.22584,35.07179,Palestinian Territory
375,Albert,Coleman,Male,50.7765,46.05086,Russia
376,Todd,Stevens,Male,8.5675,-70.35778,Venezuela
377,Steve,Shaw,Male,30.13499,113.51034,China
378,Annie,Chavez,Female,52.59696,85.1757,Russia
379,Judy,Gutierrez,Female,11.03333,-63.86278,Venezuela
380,Stephen,Martin,Male,30.44274,108.24841,China
381,Roger,Torres,Male,30.58124,107.68064,China
382,Christina,Stanley,Female,-31.66833,18.50119,South Africa
383,Martha,Gomez,Female,38.4,-8.7667,Portugal
384,Eric,Martin,Male,-34.9,-54.95,Uruguay
385,Catherine,Miller,Female,40.23238,44.24974,Armenia
386,Kimberly,Owens,Female,51.67298,22.63887,Poland
387,Debra,Ramirez,Female,25.6615,-80.441,United States
388,Pamela,Thomas,Female,24.78854,102.80623,China
389,Dorothy,Torres,Female,49.9472,22.82375,Poland
390,Robert,Martin,Male,-15.17306,-72.83083,Peru
391,Henry,Griffin,Male,62.6323,17.9379,Sweden
392,Jerry,Ryan,Male,55.01667,-8.1,Ireland
393,Lois,Gonzales,Female,43.22824,44.63322,Russia
394,Martha,Mendoza,Female,-7.83333,-78.45,Peru
395,Tammy,Morales,Female,41.2175,19.69611,Albania
396,Julie,Fox,Female,-20.49972,-43.85778,Brazil
397,Beverly,Robertson,Female,-8.0966,113.9015,Indonesia
398,Amanda,Grant,Female,-20.42278,-49.97278,Brazil
399,Gloria,Hart,Female,50.42974,21.75078,Poland
400,Kathy,Arnold,Female,28.38333,109.25972,China
401,Charles,Jordan,Male,-27.69934,-48.53219,Brazil
402,Alan,Reyes,Male,50.34413,83.51287,Kazakhstan
403,Evelyn,Butler,Female,40.37907,120.23317,China
404,Stephanie,Arnold,Female,1.17867,-76.8785,Colombia
405,Samuel,Myers,Male,48,7.85,Germany
406,Martin,Peters,Male,-7.1655,111.5605,Indonesia
407,Phyllis,Sullivan,Female,10.8849,121.9769,Philippines
408,Raymond,Harvey,Male,50.36047,25.11071,Ukraine
409,Shawn,Allen,Male,49.46296,17.18048,Czech Republic
410,Gloria,Fowler,Female,30.43639,113.26487,China
411,Mark,Walker,Male,45.7485,4.8467,France
412,Russell,Carr,Male,-6.9158,112.5541,Indonesia
413,Helen,Harvey,Female,-7.2004,107.9286,Indonesia
414,Nancy,Fields,Female,15.3603,-92.6581,Mexico
415,William,Garza,Male,58.57141,125.43918,Russia
416,Tammy,Wallace,Female,49.7001,18.2221,Czech Republic
417,Paul,Willis,Male,59.4439,18.0687,Sweden
418,Marilyn,Ray,Female,-38.82803,-62.69355,Argentina
419,Nicholas,Parker,Male,7.99917,7.58361,Nigeria
420,Heather,Dunn,Female,-28.52423,28.81582,South Africa
421,Christina,Hicks,Female,-7.74167,-35.22778,Brazil
422,Ann,Gutierrez,Female,26.34864,119.62582,China
423,Roger,George,Male,-27.38333,-55.03333,Argentina
424,Wayne,Hernandez,Male,28.41559,109.01843,China
425,Tina,Jacobs,Female,-7.585,108.4734,Indonesia
426,Amy,Hart,Female,29.31329,95.30741,China
427,Sharon,Rivera,Female,40.47276,22.9579,Greece
428,Kenneth,James,Male,66.56056,67.7975,Russia
429,Eric,Wilson,Male,42.1,27.95,Bulgaria
430,Daniel,Martinez,Male,23.17097,90.20935,Bangladesh
431,Ruby,Hall,Female,34.14677,108.36017,China
432,Ruth,Gordon,Female,30.33074,119.75122,China
433,Henry,Fox,Male,6.66114,101.23958,Thailand
434,Roger,Moreno,Male,-28.93472,-49.48583,Brazil
435,Ernest,Cole,Male,53.82486,39.55053,Russia
436,Karen,Reed,Female,31.4178,114.40252,China
437,Joseph,Ford,Male,38.6667,-9.2,Portugal
438,Todd,Rivera,Male,34.2103,109.11506,China
439,Lori,Coleman,Female,69.19889,33.44778,Russia
440,Lawrence,Reynolds,Male,50.05472,6.03139,Luxembourg
441,Fred,Rivera,Male,48.95493,16.99346,Czech Republic
442,Ruth,Hunt,Female,32.02483,112.0172,China
443,Ann,Willis,Female,22.37616,112.3795,China
444,Juan,Bell,Male,-3.9,32.93333,Tanzania
445,Robert,Jackson,Male,31.6403,-97.0963,United States
446,Adam,Payne,Male,-21.22583,-43.77361,Brazil
447,Margaret,Stanley,Female,43.1167,5.9333,France
448,Douglas,Nichols,Male,31.03601,121.24414,China
449,Jesse,Ruiz,Male,39.19009,117.1978,China
450,Norma,Elliott,Female,43.29335,44.02647,Russia
451,Tammy,Gomez,Female,17.5441,-92.804,Mexico
452,Louis,Oliver,Male,30.0336,121.33856,China
453,Joshua,Wagner,Male,7.9153,122.5829,Philippines
454,Tina,Bowman,Female,-9.59722,-35.95667,Brazil
455,Virginia,Bailey,Female,7.15694,125.69917,Philippines
456,Jesse,Richards,Male,-7.339,108.2306,Indonesia
457,Lois,Burke,Female,48.8817,2.3822,France
458,Janice,Harris,Female,41,-7.925,Portugal
459,Antonio,Allen,Male,0.94722,33.11972,Uganda
460,Brandon,Clark,Male,15,-88.75,Honduras
461,Robert,Gonzalez,Male,34.33333,119.55,China
462,Deborah,Sullivan,Female,28.88777,92.83543,China
463,Ruth,Jordan,Female,31.51472,-5.53278,Morocco
464,Todd,Torres,Male,-9.7187,124.2883,Indonesia
465,Sandra,Simpson,Female,36.0807,-80.0244,United States
466,Janet,Evans,Female,42.07617,48.24796,Russia
467,Margaret,Butler,Female,14.5748,33.3373,Sudan
468,Marilyn,Morgan,Female,52.42719,22.86231,Poland
469,Ruth,Thomas,Female,30.77959,120.71177,China
470,Elizabeth,Flores,Female,43.6111,1.4994,France
471,Jean,Cox,Female,-21.13778,-47.99028,Brazil
472,Rose,Ford,Female,35.12497,102.44411,China
473,Denise,Patterson,Female,28.9484,120.37412,China
474,Victor,Matthews,Male,63.3,23.16667,Finland
475,Samuel,Tucker,Male,68.81542,32.81147,Russia
476,Andrea,Lee,Female,-18.21667,32.75,Zimbabwe
477,Randy,Oliver,Male,32.7673,-96.7776,United States
478,Eugene,Banks,Male,-34.86649,-61.5302,Argentina
479,Mildred,Wagner,Female,-3.1313,116.1353,Indonesia
480,Ann,Jones,Female,-22.75528,-46.14472,Brazil
481,Frances,Grant,Female,-8.37599,118.29876,Indonesia
482,Jack,Schmidt,Male,-10.1609,123.5819,Indonesia
483,Sean,James,Male,-8.1812,112.3622,Indonesia
484,Rose,Wilson,Female,29.07511,116.6156,China
485,Eric,Harris,Male,-7.0621,113.6886,Indonesia
486,Jeffrey,Nelson,Male,-21.26083,-50.64278,Brazil
487,Scott,Carr,Male,29.09611,48.13278,Kuwait
488,Brian,Baker,Male,54.71681,-115.40226,Canada
489,Kathy,Hernandez,Female,21.3068,-157.8607,United States
490,Theresa,Stewart,Female,34.25829,108.20675,China
491,Alan,Gilbert,Male,27.99683,117.42082,China
492,Alice,Fields,Female,-7.1823,108.3654,Indonesia
493,Juan,Jordan,Male,49.1027,6.7006,France
494,Joshua,Banks,Male,-34.38375,-58.70673,Argentina
495,Howard,Stephens,Male,-12.1,-76.4,Peru
496,Teresa,Boyd,Female,34.28333,133.18333,Japan
497,Harold,Armstrong,Male,6.0212,80.2503,Sri Lanka
498,Alan,Carter,Male,34.78576,36.28465,Syria
499,Samuel,Lynch,Male,4.45265,-75.78746,Colombia
500,Norma,Foster,Female,-8.5112,116.9775,Indonesia
501,Aaron,Bailey,Male,-21.97895,27.84296,Botswana
502,Thomas,Ramos,Male,-9.4884,119.043,Indonesia
503,Bruce,Hunt,Male,18.50263,108.78918,China
504,Steve,Johnston,Male,2.91667,73.56667,Maldives
505,Charles,Carroll,Male,-2.51389,-66.09167,Brazil
506,Julia,Clark,Female,24.47147,113.95705,China
507,Rachel,Bailey,Female,36.22036,98.16877,China
508,Phyllis,Pierce,Female,-7.3372,107.9513,Indonesia
509,Billy,James,Male,-4.61304,-44.98009,Brazil
510,Susan,Taylor,Female,33.92873,113.9551,China
511,Theresa,Cruz,Female,38.55714,114.91154,China
512,Jason,Cruz,Male,29.90387,121.57865,China
513,Randy,Butler,Male,27.3575,108.93833,China
514,Dennis,Jenkins,Male,51.1945,42.2457,Russia
515,Eric,Owens,Male,-13.2,-75.65,Peru
516,Martha,Wagner,Female,50.78157,17.06477,Poland
517,Bruce,Parker,Male,53.19534,20.47637,Poland
518,Virginia,Ellis,Female,42.5,24.18333,Bulgaria
519,Dorothy,Baker,Female,13.87083,121.3575,Philippines
520,Samuel,Garcia,Male,22.34417,111.8475,China
521,Theresa,Barnes,Female,53.93366,18.32262,Poland
522,Rose,Rice,Female,39.81473,111.43262,China
523,Joe,Gibson,Male,-11.66417,-39.0075,Brazil
524,Nicholas,Ortiz,Male,-8.801,115.5691,Indonesia
525,Jessica,Johnston,Female,50.34004,26.64171,Ukraine
526,Michelle,Bennett,Female,48.9836,2.5256,France
527,Denise,Morris,Female,30.54924,118.05181,China
528,Elizabeth,Parker,Female,32.6148,101.52323,China
529,Robert,Baker,Male,40.58195,44.69581,Armenia
530,Wanda,Murray,Female,13.80716,8.9881,Niger
531,Aaron,Gonzalez,Male,41.06825,23.3903,Greece
532,Janet,Taylor,Female,32.93338,72.85853,Pakistan
533,Ralph,Mills,Male,20.15635,105.91737,Vietnam
534,George,Pierce,Male,-7.1432,106.5101,Indonesia
535,Earl,Long,Male,,,Portugal
536,Craig,Fowler,Male,60.3478,15.7505,Sweden
537,Angela,Adams,Female,14.76694,-90.99417,Guatemala
538,Heather,Reid,Female,43.5304,1.536,France
539,Paul,Arnold,Male,-6.9715,114.0757,Indonesia
540,Steve,Austin,Male,-11.83364,-75.43462,Peru
541,Bonnie,Fuller,Female,9.52392,-75.58139,Colombia
542,Wanda,George,Female,46.37962,14.06937,Slovenia
543,Andrea,Ferguson,Female,40.05015,47.45937,Azerbaijan
544,Joyce,Castillo,Female,42.65,24.05,Bulgaria
545,Margaret,Walker,Female,15.03341,120.58426,Philippines
546,Fred,Hanson,Male,-7.2627,106.7222,Indonesia
547,Pamela,Boyd,Female,-6.8138,111.4126,Indonesia
548,Carol,Nelson,Female,35.46028,110.42917,China
549,Larry,Little,Male,35.08944,139.06861,Japan
550,Patrick,Gibson,Male,-7.59667,109.13917,Indonesia
551,Jennifer,Hicks,Female,-6.8762,113.9689,Indonesia
552,Patrick,Gray,Male,12.43025,122.0664,Philippines
553,Benjamin,Rodriguez,Male,49.87667,6.21806,Luxembourg
554,Edward,Richardson,Male,12.57513,122.27081,Philippines
555,Harry,Willis,Male,-4.9753,105.21396,Indonesia
556,Diana,Turner,Female,48.1135,38.16064,Ukraine
557,Jason,Cole,Male,55.88868,37.02421,Russia
558,Elizabeth,Owens,Female,18.98364,-69.0476,Dominican Republic
559,Julie,Ramos,Female,46.26932,125.66413,China
560,Michelle,Ruiz,Female,1.1627,121.4278,Indonesia
561,Joe,Adams,Male,-6.9082,114.0376,Indonesia
562,Henry,Fowler,Male,29.4106,-98.4128,United States
563,Brenda,Watkins,Female,34.2969,48.8235,Iran
564,Barbara,Morris,Female,47.32755,36.69298,Ukraine
565,Brandon,Miller,Male,37.36797,101.83565,China
566,Keith,Greene,Male,16.71047,95.92866,Myanmar
567,Lawrence,Brown,Male,-7.59825,108.75511,Indonesia
568,Howard,Riley,Male,34.00582,71.99773,Pakistan
569,Shirley,Lane,Female,-9.54015,16.34096,Angola
570,George,Graham,Male,26.45834,68.31915,Pakistan
571,Gregory,Jordan,Male,58.32889,44.76406,Russia
572,Lawrence,Bailey,Male,37.92135,23.45877,Greece
573,Marilyn,Rodriguez,Female,55.8,37.61667,Russia
574,Fred,Fuller,Male,10.66253,-61.53696,Trinidad and Tobago
575,Jimmy,Morris,Male,44.0328,42.8813,Russia
576,Helen,Campbell,Female,50.20143,14.83281,Czech Republic
577,Virginia,King,Female,-6.7717,111.2016,Indonesia
578,Beverly,Freeman,Female,37.08007,22.40469,Greece
579,Julia,Howell,Female,12.9591,-2.26075,Burkina Faso
580,Tina,Ryan,Female,54.20658,17.66816,Poland
581,Evelyn,Lee,Female,26.12467,32.47598,Egypt
582,Sean,George,Male,11.72655,6.78374,Nigeria
583,Rose,Richardson,Female,40.65056,47.74219,Azerbaijan
584,Larry,Frazier,Male,12.15889,-86.34417,Nicaragua
585,Linda,Grant,Female,-3.36667,33.95,Tanzania
586,Matthew,Lee,Male,48.8412,2.3003,France
587,Albert,Arnold,Male,45.44725,20.85546,Serbia
588,Juan,Alexander,Male,-10.7246,123.0979,Indonesia
589,Heather,Stewart,Female,51.9225,4.4792,Netherlands
590,Wanda,Garcia,Female,31.42301,35.13278,Palestinian Territory
591,Cheryl,Collins,Female,31.22944,113.54694,China
592,Heather,Duncan,Female,59.3833,18.0667,Sweden
593,Jesse,Simpson,Male,44.53302,19.7625,Serbia
594,Lois,Martinez,Female,15.36667,-87.93333,Honduras
595,Christine,Kim,Female,29.24798,111.9,China
596,Harold,Carr,Male,42.0794,-91.5992,United States
597,Carol,Simpson,Female,39.86667,96.76667,China
598,Terry,Anderson,Male,37.18498,122.24712,China
599,Philip,Moore,Male,35.85,117.7,China
600,Bobby,Hamilton,Male,-6.9458,112.9653,Indonesia
601,Kathy,Powell,Female,52.81165,37.24215,Russia
602,Lisa,Perry,Female,51.29815,20.29724,Poland
603,Phyllis,Fox,Female,1.38081,173.13887,Kiribati
604,Annie,Watson,Female,-12.89444,-38.32722,Brazil
605,Kimberly,Carroll,Female,27.01221,114.75096,China
606,Edward,Carr,Male,9.50511,-7.56433,Ivory Coast
607,Melissa,Robertson,Female,9.00194,-70.30139,Venezuela
608,Jack,Carr,Male,31.76841,121.87051,China
609,Donna,Woods,Female,68.88062,33.01842,Russia
610,Jeffrey,Fields,Male,-7.0223,108.5084,Indonesia
611,Angela,James,Female,5.26667,-74.56667,Colombia
612,Brandon,Stone,Male,47.0662,-122.1132,United States
613,Nancy,Lewis,Female,39.75935,116.4341,China
614,Russell,Bradley,Male,-6.28417,107.81056,Indonesia
615,Larry,Lawrence,Male,57.721,12.9401,Sweden
616,Paula,Tucker,Female,-21.83222,-46.89361,Brazil
617,Rachel,Riley,Female,29.29611,121.35833,China
618,Charles,Gray,Male,8.84583,125.16639,Philippines
619,Albert,Long,Male,27.84771,67.9055,Pakistan
620,Shawn,Miller,Male,53.31611,40.70806,Russia
621,Kenneth,Bennett,Male,49.43544,25.15086,Ukraine
622,Brandon,Robinson,Male,-32.17301,-64.11406,Argentina
623,Philip,Parker,Male,37.29721,95.51478,China
624,Robin,Reed,Female,20.32111,110.34258,China
625,Julia,Burke,Female,34.25389,108.52222,China
626,Anne,Marshall,Female,13.26831,43.50993,Yemen
627,Albert,Henry,Male,15.79975,-91.75395,Guatemala
628,Angela,Vasquez,Female,2.2057,102.2562,Malaysia
629,Elizabeth,Henry,Female,-7.2116,108.1768,Indonesia
630,Johnny,Hall,Male,-7.1354,111.6124,Indonesia
631,Paul,Mitchell,Male,39.46405,45.97047,Armenia
632,Raymond,Kennedy,Male,3.91423,-75.48008,Colombia
633,Maria,Perry,Female,36.21492,28.11487,Greece
634,Beverly,Stephens,Female,32.04136,96.84065,China
635,Kevin,Kelly,Male,46.6248,32.44251,Ukraine
636,Brandon,Woods,Male,-11.78444,-38.35306,Brazil
637,Mildred,Elliott,Female,6.87309,38.44425,Ethiopia
638,Wanda,Armstrong,Female,-6.22944,-36.02278,Brazil
639,Mildred,Graham,Female,27.04694,118.32528,China
640,Phillip,Gutierrez,Male,58.3631,82.8265,Russia
641,Douglas,Black,Male,36.68149,115.34085,China
642,Sandra,Cooper,Female,41.6167,-8.4,Portugal
643,Mary,Dixon,Female,44.02361,43.09222,Russia
644,Terry,Bailey,Male,30.92333,119.86889,China
645,Thomas,Mason,Male,10.47556,119.24722,Philippines
646,Ernest,Robertson,Male,25.57591,119.83108,China
647,Peter,Hunt,Male,34.63132,103.66482,China
648,Julia,Williams,Female,27.60142,114.16794,China
649,Howard,Fowler,Male,8.3365,123.8383,Philippines
650,Carlos,Perkins,Male,47.42018,40.09132,Russia
651,Steven,Nguyen,Male,50.4823,14.94149,Czech Republic
652,Tammy,Sanchez,Female,50.89713,19.2156,Poland
653,Linda,Ford,Female,24.41876,102.67267,China
654,Fred,Medina,Male,57.6766,11.9582,Sweden
655,Jack,Dixon,Male,45.27055,37.38716,Russia
656,Jack,Lee,Male,-8.0934,111.9629,Indonesia
657,Susan,Hart,Female,31.59618,35.0296,Palestinian Territory
658,Sean,Miller,Male,-7.4568,107.5991,Indonesia
659,Gregory,Wood,Male,13.6,123.5,Philippines
660,Michael,Anderson,Male,47.2488,6.0182,France
661,Terry,West,Male,-15.49756,-67.88332,Bolivia
662,Alice,Moore,Female,43.88736,120.09336,China
663,Deborah,White,Female,33.1344,113.85316,China
664,Douglas,Watkins,Male,30.12966,107.92814,China
665,Henry,Burns,Male,-25.73239,-59.10879,Argentina
666,Ernest,Fernandez,Male,50.06143,19.93658,Poland
667,Bonnie,Roberts,Female,41.2955,-96.1008,United States
668,Ralph,Woods,Male,16.214,-93.3369,Mexico
669,Denise,Bennett,Female,29.00844,117.91891,China
670,Roger,Coleman,Male,13.63333,-86.81667,Honduras
671,Martin,Porter,Male,-8.2595,111.4889,Indonesia
672,John,Hudson,Male,50.1576,17.98513,Poland
673,Phyllis,Brown,Female,15.2216,120.5736,Philippines
674,Alan,Castillo,Male,42.46017,76.18709,Kyrgyzstan
675,Ruby,Lawson,Female,-7.5632,108.6946,Indonesia
676,Jimmy,Diaz,Male,-3.29972,-60.62056,Brazil
677,Catherine,Foster,Female,41.89315,45.57129,Georgia
678,John,Hicks,Male,9.5,-82.61667,Panama
679,Jeremy,Thomas,Male,10.73639,122.45333,Philippines
680,Johnny,Richardson,Male,52.32512,17.56519,Poland
681,Scott,Ramirez,Male,33.0097,106.18352,China
682,Dorothy,Henderson,Female,38.8494,-9.4301,Portugal
683,Amy,Hughes,Female,42.6976,2.8954,France
684,Jennifer,Gonzales,Female,41.1125,20.08222,Albania
685,Sharon,Harrison,Female,45.52889,18.15611,Croatia
686,Roger,Reed,Male,47.82699,-69.54243,Canada
687,Ashley,Austin,Female,30.48657,119.1585,China
688,Albert,Boyd,Male,5.3117,103.1199,Malaysia
689,Catherine,Bradley,Female,44.58304,84.77024,China
690,Katherine,Cole,Female,38.42738,141.21487,Japan
691,Ernest,Carr,Male,43.6109,3.8772,France
692,Lori,Gutierrez,Female,42.90573,73.26972,Kazakhstan
693,Christine,Banks,Female,9.13333,-79.3,Panama
694,Eugene,Stevens,Male,-27.59444,-48.60694,Brazil
695,Martin,Hayes,Male,-20.72028,-47.88667,Brazil
696,Roger,Palmer,Male,59.44326,112.56993,Russia
697,Richard,Knight,Male,-39.6381,176.84918,New Zealand
698,Wayne,Medina,Male,48.98562,96.54339,Mongolia
699,Bonnie,Woods,Female,3.93726,41.85688,Kenya
700,Jack,Allen,Male,36.68333,139.96667,Japan
701,Ashley,Reid,Female,51.93273,21.30335,Poland
702,Walter,Schmidt,Male,28.25831,112.56048,China
703,Joan,Black,Female,20.64511,-75.9402,Cuba
704,Fred,James,Male,-27.73348,-64.24278,Argentina
705,Robert,Spencer,Male,41.25,-8.4,Portugal
706,Chris,Spencer,Male,19.04134,-69.83616,Dominican Republic
707,Keith,Davis,Male,31.78199,35.21961,Israel
708,Andrew,Snyder,Male,29.82356,116.40992,China
709,Russell,Henderson,Male,15.18014,102.25694,Thailand
710,Albert,Murphy,Male,41.6167,0.6222,Spain
711,Willie,Jacobs,Male,59.3173,18.255,Sweden
712,Ralph,Mitchell,Male,39.70361,141.1525,Japan
713,Jessica,Howard,Female,8.81667,40.51667,Ethiopia
714,Christopher,Sanchez,Male,59.5344,18.0776,Sweden
715,Julie,Mitchell,Female,-7.58333,-78.08333,Peru
716,Melissa,Burns,Female,43.2969,5.3811,France
717,Peter,Banks,Male,-27.04346,-55.22698,Argentina
718,Catherine,Ryan,Female,41.94444,20.92667,Macedonia
719,Chris,Harper,Male,35.7,10.8,Tunisia
720,Bobby,Howard,Male,-14.52472,-49.14083,Brazil
721,Joshua,Tucker,Male,50.6942,3.1746,France
722,Douglas,Moore,Male,41.15674,112.86135,China
723,Frances,Mason,Female,32.78518,73.82306,Pakistan
724,Robin,Cox,Female,52.17827,32.58183,Ukraine
725,Randy,Lopez,Male,18.7356,-97.4314,Mexico
726,Emily,Flores,Female,26.80104,115.16699,China
727,Timothy,Ryan,Male,33.23203,35.75572,Syria
728,Joyce,Gutierrez,Female,39.4667,-8.05,Portugal
729,Mark,Cole,Male,23.62834,116.57185,China
730,Margaret,Sullivan,Female,41.92262,22.44628,Macedonia
731,Willie,Crawford,Male,41.5567,-8.32,Portugal
732,Lillian,Nichols,Female,-2.24444,-49.49583,Brazil
733,Frances,Montgomery,Female,-2.41889,-48.15222,Brazil
734,Marilyn,Franklin,Female,41.0213,-7.6918,Portugal
735,Robert,Hayes,Male,36.5449,61.1577,Iran
736,Judy,Hernandez,Female,-21.56222,-51.26056,Brazil
737,Cheryl,Thomas,Female,-6.5574,111.0519,Indonesia
738,Denise,Jordan,Female,-9.9152,124.6472,Indonesia
739,Robin,Ramos,Female,15.5,120.843,Philippines
740,Angela,Morales,Female,50.37322,18.00427,Poland
741,Catherine,Anderson,Female,49.5363,22.96066,Ukraine
742,Ronald,Sanchez,Male,25.39977,114.36218,China
743,Gary,Harvey,Male,40.20778,22.44311,Greece
744,Gary,Lawrence,Male,7.03333,125.05,Philippines
745,Samuel,Little,Male,40.4209,-8.7214,Portugal
746,Elizabeth,Schmidt,Female,48.78293,-123.70266,Canada
747,Bonnie,Lawson,Female,46.81685,-64.06542,Canada
748,Russell,Matthews,Male,41.87861,20.88389,Macedonia
749,Deborah,Henderson,Female,15.89749,105.29318,Thailand
750,Roger,Brooks,Male,8.26667,-12.15,Sierra Leone
751,Kenneth,Perry,Male,48.7649,9.1762,Germany
752,Ruth,Rose,Female,29.77761,118.70155,China
753,Debra,Peters,Female,34.05397,105.52278,China
754,Jean,Russell,Female,59.3326,18.0649,Sweden
755,Helen,Gibson,Female,45.04484,38.97603,Russia
756,Wanda,Weaver,Female,-6.9057,113.7775,Indonesia
757,Jeremy,Grant,Male,61.13336,149.63283,Russia
758,Louise,Mccoy,Female,8.95652,-73.62548,Colombia
759,Rachel,Bell,Female,-23.64342,-64.47194,Argentina
760,Ruby,Hunter,Female,-6.3302,106.0343,Indonesia
761,Stephanie,Riley,Female,53.03492,23.60996,Poland
762,Anna,Cruz,Female,40.72583,20.8375,Albania
763,Robert,Simmons,Male,30.41355,111.88739,China
764,Doris,Roberts,Female,-33.45937,-61.4832,Argentina
765,Larry,Rogers,Male,28.7303,116.4049,China
766,Kathleen,Lopez,Female,56.99719,40.97139,Russia
767,Tammy,Smith,Female,-12.43002,13.54677,Angola
768,Michael,Schmidt,Male,16.00295,43.19724,Yemen
769,Michael,Lynch,Male,-15.675,-38.94722,Brazil
770,Adam,Larson,Male,42.025,-8.3125,Portugal
771,Earl,Mccoy,Male,25.39977,114.36218,China
772,Nicole,Armstrong,Female,51.89085,31.59741,Ukraine
773,Mary,Howard,Female,31.5214,120.28962,China
774,Bobby,Collins,Male,-8.1375,113.0219,Indonesia
775,Howard,Greene,Male,48.8164,2.4937,France
776,Jose,Harrison,Male,2.01643,10.47066,Equatorial Guinea
777,Jeremy,Porter,Male,-30.16056,-53.56528,Brazil
778,Emily,Lawson,Female,22.76259,113.2518,China
779,Arthur,Lynch,Male,45.07639,15.36806,Croatia
780,Howard,Warren,Male,-8.621,116.4446,Indonesia
781,Betty,Schmidt,Female,31.87308,117.45803,China
782,Cheryl,Nichols,Female,28.26689,83.96851,Nepal
783,Albert,Gardner,Male,14.83333,-86.53333,Honduras
784,Stephanie,Johnson,Female,33.59811,131.1883,Japan
785,Thomas,Larson,Male,30.5959,50.2417,Iran
786,Adam,Lane,Male,22.7279,115.50258,China
787,Elizabeth,Burton,Female,26.98333,106.21667,China
788,Nicole,Woods,Female,61.11213,28.86321,Russia
789,Roy,Lopez,Male,-22.09198,-70.19792,Chile
790,Heather,Burke,Female,29.40031,105.83781,China
791,Keith,Ramos,Male,48.09875,29.12463,Ukraine
792,Carlos,Hill,Male,-6.818,111.1561,Indonesia
793,Shirley,Jordan,Female,-23.55,47.5,Madagascar
794,Michael,Allen,Male,28.65861,113.05917,China
795,Louise,Evans,Female,5.05083,119.83972,Philippines
796,Lori,Stanley,Female,28.36667,129.48333,Japan
797,Jeffrey,Perkins,Male,-8.7075,-35.53056,Brazil
798,Maria,Owens,Female,40.41344,23.0075,Greece
799,Bonnie,Coleman,Female,31.34814,118.36132,China
800,Patricia,Grant,Female,15.84971,120.39054,Philippines
801,Steve,Hudson,Male,4.48425,-74.24499,Colombia
802,Larry,Reyes,Male,13.9957,-61.00614,Saint Lucia
803,Marie,Hughes,Female,34.67719,73.02329,Pakistan
804,Lawrence,Rivera,Male,52.47724,15.7816,Poland
805,Mark,Stanley,Male,-8.0805,111.8651,Indonesia
806,Evelyn,Gomez,Female,50.2207,12.34669,Czech Republic
807,Howard,Gutierrez,Male,13.70977,120.87706,Philippines
808,Peter,Harris,Male,26.68182,115.25475,China
809,Patrick,Perkins,Male,-42.41225,-71.06797,Argentina
810,Arthur,Coleman,Male,49.14187,15.673,Czech Republic
811,Wayne,Crawford,Male,50.42528,14.26175,Czech Republic
812,Johnny,Hughes,Male,-6.87792,115.50689,Indonesia
813,Jack,Dunn,Male,-14.04833,-73.60972,Peru
814,Emily,James,Female,40.7548,-73.6018,United States
815,Janice,Harvey,Female,48.15247,23.13659,Ukraine
816,Linda,Ward,Female,-21.53667,-49.85806,Brazil
817,Joseph,Hill,Male,47.93548,29.61982,Ukraine
818,Christina,Hunter,Female,14.9109,121.0493,Philippines
819,Phillip,Kelley,Male,36.99252,66.29654,Afghanistan
820,Tina,Payne,Female,39.41691,69.28677,Tajikistan
821,Keith,Cox,Male,-4.06253,144.06609,Papua New Guinea
822,Lois,Howard,Female,61.03049,42.49252,Russia
823,Jimmy,West,Male,45.4643,9.1895,Italy
824,Roger,Johnston,Male,-28.4825,-48.78083,Brazil
825,Dorothy,Kelly,Female,6.69903,-72.73233,Colombia
826,Shawn,Berry,Male,-6.887,112.4429,Indonesia
827,David,Perry,Male,28.86248,114.98438,China
828,Mary,Medina,Female,7.94946,80.75037,Sri Lanka
829,Henry,Harper,Male,-8.6766,115.448,Indonesia
830,Virginia,Alvarez,Female,60.00029,-111.88543,Canada
831,Laura,Bradley,Female,-27.28278,-50.58444,Brazil
832,Douglas,Hansen,Male,32.97568,74.07926,Pakistan
833,Mildred,Romero,Female,9.43333,5.2,Nigeria
834,Anthony,Fernandez,Male,24.68501,88.15638,Bangladesh
835,Antonio,Brown,Male,-2.30868,-78.11135,Ecuador
836,Brandon,Greene,Male,29.10092,119.99393,China
837,Elizabeth,Rodriguez,Female,7.01806,124.18056,Philippines
838,Fred,Price,Male,41.5167,-8.4667,Portugal
839,Gerald,Fowler,Male,44.38534,20.2557,Serbia
840,Dorothy,Arnold,Female,47.31499,123.75442,China
841,Anne,Stevens,Female,-27.57383,-60.71526,Argentina
842,Norma,Garza,Female,39.16673,117.24191,China
843,Teresa,Fisher,Female,45.0159,-93.4719,United States
844,Jonathan,Burton,Male,8.825,125.19306,Philippines
845,Sara,Ryan,Female,53.7002,102.7117,Russia
846,Irene,Ferguson,Female,14.54248,49.12424,Yemen
847,Patrick,Bishop,Male,40.95,-7.05,Portugal
848,Ann,Flores,Female,51.69225,21.81112,Poland
849,Joseph,Stone,Male,48.8125,103.53472,Mongolia
850,Craig,Hicks,Male,-7.3301,108.4014,Indonesia
851,Janet,Crawford,Female,56.012,53.70669,Russia
852,Teresa,Fox,Female,-29.12528,-56.55306,Brazil
853,Brian,Wallace,Male,-1.03326,37.06933,Kenya
854,Michelle,Andrews,Female,-34.38333,-72,Chile
855,George,Welch,Male,-8.0984,112.3341,Indonesia
856,Douglas,Scott,Male,-8.2701,114.9586,Indonesia
857,Barbara,Mason,Female,36.35,140.1,Japan
858,Clarence,Wagner,Male,3.139,101.6869,Malaysia
859,Lori,Watson,Female,-9.9293,124.4743,Indonesia
860,Robert,Henry,Male,34.67105,103.87996,China
861,Tammy,Knight,Female,-8.2337,113.1087,Indonesia
862,Barbara,Holmes,Female,16.08532,120.03164,Philippines
863,Emily,Burton,Female,-8.572,116.6058,Indonesia
864,Martha,Stanley,Female,18.46156,-69.29718,Dominican Republic
865,Howard,Gray,Male,40.9177,-73.895,United States
866,Bruce,Peterson,Male,13.6093,121.2971,Philippines
867,Sean,Hunt,Male,31.77667,35.23417,Palestinian Territory
868,Nicholas,Lawrence,Male,64.1,26.31667,Finland
869,Laura,Fisher,Female,-6.81482,106.40417,Indonesia
870,Dorothy,Franklin,Female,-23.74417,-46.39833,Brazil
871,Carl,Fernandez,Male,37.99471,23.34324,Greece
872,Nicholas,Graham,Male,-34.18307,22.14605,South Africa
873,James,Washington,Male,36.08305,36.50309,Syria
874,Linda,Hunt,Female,6.51667,14.3,Cameroon
875,Rachel,Warren,Female,26.42861,110.35972,China
876,Bobby,Sanchez,Male,7.5,125.75,Philippines
877,Jerry,Montgomery,Male,40.3227,-8.5922,Portugal
878,Gregory,Johnston,Male,41.2075,-8.583,Portugal
879,Jason,Johnson,Male,7.86338,98.36437,Thailand
880,Clarence,Anderson,Male,29.69094,120.6427,China
881,Samuel,Carter,Male,-8.1567,111.5263,Indonesia
882,Melissa,Mccoy,Female,-8.585,116.4539,Indonesia
883,Evelyn,Nelson,Female,50.12091,19.92156,Poland
884,Ralph,Fowler,Male,11.8687,123.9184,Philippines
885,Robert,Gibson,Male,55.0415,82.9346,Russia
886,Gregory,Diaz,Male,55.6759,12.5655,Denmark
887,Nicole,Campbell,Female,50.3425,13.95986,Czech Republic
888,Patricia,Little,Female,29.29736,107.15189,China
889,Ryan,Simpson,Male,13.36667,123.7,Philippines
890,Todd,Bryant,Male,57.99439,31.36081,Russia
891,Terry,Spencer,Male,31.19647,113.28373,China
892,Alice,Foster,Female,45.77435,14.21528,Slovenia
893,Antonio,Hunter,Male,5.88333,-56.31667,Suriname
894,Sharon,Young,Female,39.87028,117.34667,China
895,Linda,Fowler,Female,1.83243,73.50257,Maldives
896,Fred,Holmes,Male,11.2306,124.0138,Philippines
897,Linda,Banks,Female,-8.4298,120.5859,Indonesia
898,Henry,Snyder,Male,40.23539,44.69459,Armenia
899,Arthur,Sanders,Male,49.50639,6.01278,Luxembourg
900,Sean,Henderson,Male,40.6074,-7.3963,Portugal
901,Jane,Lane,Female,16.52314,100.14464,Thailand
902,Jimmy,Nelson,Male,-25.01667,25.73333,Botswana
903,Gloria,Jackson,Female,55.6794,12.5346,Denmark
904,Kelly,Alvarez,Female,43.96667,116.03333,China
905,Brenda,Butler,Female,21.35415,110.10818,China
906,Edward,Hudson,Male,50.35,19.41667,Poland
907,Sara,Fisher,Female,2.15106,11.33528,Equatorial Guinea
908,Sean,Morrison,Male,11.06306,124.56167,Philippines
909,Lisa,Bailey,Female,35.20854,100.85286,China
910,Brandon,Gilbert,Male,35.58621,99.9879,China
911,Janice,Ray,Female,-8.7409,120.7706,Indonesia
912,Andrew,Morgan,Male,32.12167,35.02036,Palestinian Territory
913,Larry,Freeman,Male,5.92665,-0.98577,Ghana
914,Nicholas,Webb,Male,43.5283,5.4497,France
915,Jerry,Stevens,Male,15.3062,120.856,Philippines
916,Amanda,Watson,Female,50.53247,15.8202,Czech Republic
917,Virginia,Bennett,Female,24.22545,102.80119,China
918,Christine,Nelson,Female,39.925,-8.825,Portugal
919,Brandon,Freeman,Male,-8.5666,116.5751,Indonesia
920,Richard,Bailey,Male,-24.65451,25.90859,Botswana
921,Joseph,Murray,Male,51.37,6.1681,Netherlands
922,Elizabeth,Ryan,Female,39.09621,117.16688,China
923,Samuel,Johnson,Male,12.6753,11.0682,Nigeria
924,Mildred,Vasquez,Female,54.8789,26.9371,Belarus
925,Jason,Lawson,Male,8.58333,-79.88333,Panama
926,Anthony,Marshall,Male,-8.314,123.252,Indonesia
927,Jean,Hudson,Female,59.37722,28.19028,Estonia
928,Scott,Ferguson,Male,10.22629,10.15132,Nigeria
929,Kenneth,Oliver,Male,27.62979,85.52138,Nepal
930,Kathryn,Sanchez,Female,15.2097,121.0061,Philippines
931,Katherine,Knight,Female,27.27685,114.70443,China
932,Cheryl,Chavez,Female,7.8139,5.0742,Nigeria
933,Roy,Pierce,Male,41.5333,-6.2333,Portugal
934,Julia,Fox,Female,,,Portugal
935,Jeffrey,Barnes,Male,13.15515,101.37226,Thailand
936,Sara,Fox,Female,39.6051,-8.2477,Portugal
937,Jessica,Bowman,Female,-12.83333,-39.1,Brazil
938,Frank,Rogers,Male,36.34347,107.5932,China
939,Gloria,Hamilton,Female,17.95363,96.72247,Myanmar
940,Catherine,Roberts,Female,58.99004,23.24441,Estonia
941,Angela,Williams,Female,35.02954,135.75666,Japan
942,Louis,Ryan,Male,-6.5582,106.3605,Indonesia
943,Johnny,Franklin,Male,32.8479,-96.974,United States
944,Peter,Wood,Male,33.0169,-116.846,United States
945,Angela,Webb,Female,20.20866,105.4695,Vietnam
946,Joseph,Morris,Male,-6.7755,111.4474,Indonesia
947,Louis,Fox,Male,46.2057,5.2258,France
948,George,Lewis,Male,57.4483,97.3286,Russia
949,Laura,Sims,Female,33.77793,113.44407,China
950,Willie,Woods,Male,64.00039,-21.18602,Iceland
951,Teresa,Armstrong,Female,30.7197,108.08333,China
952,Helen,Hunter,Female,53.05581,18.92635,Poland
953,Arthur,Romero,Male,49.0389,2.077,France
954,Beverly,Frazier,Female,44.87278,18.80833,Bosnia and Herzegovina
955,Ashley,Gray,Female,5.86006,-0.6635,Ghana
956,Kelly,Fernandez,Female,-8.1395,115.1031,Indonesia
957,Charles,Chavez,Male,52.24278,20.10301,Poland
958,Edward,Lee,Male,53.3735,-6.20976,Ireland
959,Arthur,Jones,Male,63.21667,24.41667,Finland
960,John,Jones,Male,25.06714,115.10936,China
961,Judith,Wood,Female,29.3875,-98.5245,United States
962,Irene,Gibson,Female,5.6561,-75.87877,Colombia
963,Kimberly,Burke,Female,16.57946,42.9124,Saudi Arabia
964,Bobby,Vasquez,Male,60.51667,23.2,Finland
965,Phillip,Arnold,Male,32.55917,36.00694,Jordan
966,Clarence,Owens,Male,37.1369,-8.0349,Portugal
967,Margaret,Evans,Female,61.49911,23.78712,Finland
968,Doris,Barnes,Female,6.25,10.26667,Cameroon
969,Lawrence,Martinez,Male,55.5562,98.6644,Russia
970,Kevin,Thompson,Male,5.87568,121.29146,Philippines
971,Jack,Foster,Male,31.68636,113.46585,China
972,Harold,Brooks,Male,40.60222,20.5125,Albania
973,Christine,Ross,Female,53.4482,-2.2257,United Kingdom
974,Laura,Harvey,Female,31.26554,-9.17865,Morocco
975,Louis,Brown,Male,-21.0096,55.2707,Reunion
976,John,Owens,Male,29.33732,90.68122,China
977,Scott,Sanchez,Male,19.4347,-99.2009,Mexico
978,Frank,Freeman,Male,8.4,-80.35,Panama
979,Billy,Rice,Male,47.0833,2.4,France
980,Gregory,Thomas,Male,-24.6,26.43333,Botswana
981,Craig,Richardson,Male,53.73772,78.04026,Russia
982,Joyce,Webb,Female,41.1722,-8.45,Portugal
983,John,Anderson,Male,38.38917,69.32272,Tajikistan
984,David,Hanson,Male,45.04816,20.08165,Serbia
985,John,Williams,Male,49.00912,42.12178,Russia
986,Mildred,Cox,Female,-21.22583,-43.77361,Brazil
987,Phillip,Cox,Male,10.1299,123.6574,Philippines
988,Evelyn,Miller,Female,43.24206,46.00013,Russia
989,James,Webb,Male,37.7211,-122.4754,United States
990,Gregory,Ross,Male,53.41667,-9.33333,Ireland
991,Raymond,White,Male,37.94041,22.83946,Greece
992,Carlos,Howard,Male,59.2968,18.0313,Sweden
993,Laura,Butler,Female,22.76667,103.25,China
994,Beverly,Powell,Female,63.44273,-20.27339,Iceland
995,Phillip,Brown,Male,-8.4388,120.1809,Indonesia
996,Bonnie,Wells,Female,11.85,38.01667,Ethiopia
997,Thomas,Ramos,Male,-7.9575,-36.20472,Brazil
998,Lori,Bryant,Female,59.3173,18.255,Sweden
999,Ashley,Berry,Female,40.8322,44.2673,Armenia
1000,Dennis,Jordan,Male,15.5495,120.6943,Philippines
